,accuracy,precision,recall,f1
SVM,0.92,0.7333333333333333,1.0,0.8461538461538461
