,accuracy,precision,recall,f1
LogisticRegression,0.9,0.6875,1.0,0.8148148148148148
XGBoost,0.98,0.9166666666666666,1.0,0.9565217391304348
SVM,0.92,0.7333333333333333,1.0,0.8461538461538461
